City_ID,City,Lat,Lng,Max Temp,Humidity,Cloudiness,Wind Speed,Country,Date
0,hobart,-42.8794,147.3294,10.7,95,100,0.0,AU,1681242336
1,palafrugell,41.9174,3.1631,15.35,84,90,3.56,ES,1681242629
2,alofi,-19.0595,-169.9187,24.94,78,41,2.57,NU,1681242411
3,punta arenas,-53.15,-70.9167,8.06,53,40,8.23,CL,1681242354
4,nikolskoye,59.7035,30.7861,6.94,84,100,1.78,RU,1681242364
5,namatanai,-3.6667,152.4333,26.01,81,98,0.92,PG,1681242454
6,new norfolk,-42.7826,147.0587,10.5,75,24,0.15,AU,1681242359
7,rikitea,-23.1203,-134.9692,24.76,71,100,3.41,PF,1681242358
8,lata,40.1629,-8.3327,10.75,95,52,1.29,PT,1681242407
9,hambantota,6.1241,81.1185,25.58,83,64,4.61,LK,1681242631
10,vardo,70.3705,31.1107,0.99,75,75,6.69,NO,1681242370
11,novyy urengoy,66.0833,76.6333,-23.3,99,84,4.08,RU,1681242631
12,cape town,-33.9258,18.4232,16.23,62,0,5.36,ZA,1681242301
13,dikson,73.5069,80.5464,-23.18,98,94,7.73,RU,1681242355
14,talaya,61.3833,152.75,-26.71,100,89,0.82,RU,1681242632
15,busselton,-33.65,115.3333,16.03,82,1,3.12,AU,1681242357
16,saskylakh,71.9167,114.0833,-26.68,100,97,2.07,RU,1681242413
17,hermanus,-34.4187,19.2345,13.22,70,95,3.89,ZA,1681242354
18,namibe,-15.1961,12.1522,23.76,67,2,4.65,AO,1681242632
19,mar del plata,-38.0023,-57.5575,20.61,92,100,8.23,AR,1681242072
20,ushuaia,-54.8,-68.3,2.81,70,75,7.72,AR,1681242087
21,dakar,14.6937,-17.4441,22.49,83,20,5.99,SN,1681242213
22,vila velha,-20.3297,-40.2925,25.97,78,40,4.12,BR,1681242633
23,batemans bay,-35.7167,150.1833,13.39,81,83,1.8,AU,1681242633
24,jamestown,42.097,-79.2353,20.01,30,0,9.26,US,1681242237
25,victoria,22.2855,114.1577,24.0,91,77,2.35,HK,1681242401
26,cherskiy,68.75,161.3,-24.9,93,100,1.31,RU,1681242403
27,kahului,20.8947,-156.47,24.91,75,40,9.77,US,1681242634
28,butaritari,3.0707,172.7902,27.28,78,100,6.55,KI,1681242379
29,morro bay,35.3658,-120.8499,23.47,57,94,4.02,US,1681242635
30,mana,5.6592,-53.7767,27.94,71,98,3.84,GF,1681242635
31,albany,42.6001,-73.9662,20.85,26,100,1.34,US,1681242241
32,east london,-33.0153,27.9116,17.54,64,99,5.14,ZA,1681242398
33,saint-joseph,-21.3667,55.6167,23.59,81,6,0.99,RE,1681242635
34,saint-philippe,-21.3585,55.7679,23.77,80,10,2.4,RE,1681242366
35,hilo,19.7297,-155.09,25.53,86,100,3.09,US,1681242371
36,ahipara,-35.1667,173.1667,18.24,89,100,5.81,NZ,1681242636
37,luorong,24.4058,109.6086,21.11,95,100,1.09,CN,1681242636
38,atuona,-9.8,-139.0333,26.89,81,99,7.19,PF,1681242309
39,touros,-5.1989,-35.4608,27.09,71,92,4.43,BR,1681242636
40,thompson,55.7435,-97.8558,11.09,28,75,2.57,CA,1681242393
41,seara,41.1818,-7.8003,12.87,81,100,2.9,PT,1681242638
42,avarua,-21.2078,-159.775,27.03,61,52,2.06,CK,1681242369
43,ornskoldsvik,63.2909,18.7153,2.53,75,100,2.06,SE,1681242638
44,malko tarnovo,41.9833,27.5333,6.29,96,100,3.63,BG,1681242639
45,sola,-13.8833,167.55,28.15,76,89,5.21,VU,1681242454
46,ribeira grande,38.5167,-28.7,17.65,88,75,5.14,PT,1681242354
47,barrow,71.2906,-156.7887,-27.99,76,0,2.57,US,1681242365
48,pacific grove,36.6177,-121.9166,20.21,79,100,4.63,US,1681242420
49,port hardy,50.6996,-127.4199,6.1,65,40,3.09,CA,1681242406
50,ahuimanu,21.4447,-157.8378,26.03,78,100,7.2,US,1681242640
51,howick,-29.4779,30.2306,10.77,76,95,0.98,ZA,1681242640
52,sao filipe,14.8961,-24.4956,22.63,67,98,4.96,CV,1681242398
53,tirumullaivasal,11.2333,79.8333,26.32,76,3,2.85,IN,1681242641
54,arraial do cabo,-22.9661,-42.0278,25.98,65,75,6.69,BR,1681242378
55,port hedland,-20.3167,118.5667,25.03,78,100,0.51,AU,1681242457
56,airai,-8.9266,125.4092,15.59,92,27,1.12,TL,1681242419
57,cidreira,-30.1811,-50.2056,24.44,77,3,4.65,BR,1681242373
58,silver city,32.7701,-108.2803,23.98,22,0,4.47,US,1681242145
59,mundwa,27.0667,73.8167,27.11,27,10,3.45,IN,1681242642
60,port alfred,-33.5906,26.891,13.99,83,100,0.45,ZA,1681242369
61,kaitangata,-46.2817,169.8464,12.26,97,100,3.66,NZ,1681242403
62,vestmannaeyjar,63.4427,-20.2734,5.55,87,40,1.54,IS,1681242462
63,atherton,53.5237,-2.4935,9.68,91,100,4.92,GB,1681242642
64,alamo,20.9167,-97.6833,26.02,72,90,4.59,MX,1681242642
65,san onofre,9.7359,-75.5263,27.01,73,100,1.79,CO,1681242642
66,bluff,-46.6,168.3333,11.56,92,100,8.89,NZ,1681242368
67,isabela,6.7085,121.9711,26.0,83,0,1.86,PH,1681242643
68,san quintin,30.4833,-115.95,17.22,70,0,5.81,MX,1681242359
69,pangnirtung,66.1451,-65.7125,-10.0,57,20,2.06,CA,1681242353
70,port lincoln,-34.7333,135.8667,16.82,78,6,10.31,AU,1681242464
71,hasaki,35.7333,140.8333,17.38,80,100,13.31,JP,1681242360
72,yellowknife,62.456,-114.3525,-8.71,86,100,4.63,CA,1681242383
73,saurimo,-9.6608,20.3916,18.79,95,98,2.17,AO,1681242644
74,penzance,50.1186,-5.5371,9.87,70,97,12.51,GB,1681242644
75,townsville,-19.25,146.8,25.49,89,100,1.03,AU,1681242644
76,luderitz,-26.6481,15.1594,18.97,39,33,3.44,NA,1681242374
77,bredasdorp,-34.5322,20.0403,12.95,71,51,1.91,ZA,1681242361
78,knyaze-volkonskoye,48.4642,135.4567,1.19,70,100,6.59,RU,1681242644
79,guerrero negro,27.9769,-114.0611,21.24,48,1,6.7,MX,1681242423
80,merauke,-8.4667,140.3333,25.65,84,100,1.36,ID,1681242645
81,esperance,-33.8667,121.9,15.92,89,3,3.49,AU,1681242399
82,alice springs,-23.7,133.8833,20.75,46,99,4.63,AU,1681242263
83,isangel,-19.55,169.2667,26.96,83,57,1.75,VU,1681242375
84,aklavik,68.2191,-135.0107,-16.0,66,100,1.54,CA,1681242645
85,kasongo-lunda,-6.4667,16.8167,22.47,95,100,0.77,CD,1681242645
86,san nicolas,18.1725,120.5953,24.62,82,100,2.5,PH,1681242645
87,necochea,-38.5473,-58.7368,17.44,90,100,3.61,AR,1681242646
88,castro,-24.7911,-50.0119,22.38,65,4,1.37,BR,1681242377
89,itarema,-2.9248,-39.9167,26.08,82,98,4.78,BR,1681242409
90,kodiak,57.79,-152.4072,0.73,86,100,3.6,US,1681242376
91,zhigansk,66.7697,123.3711,-27.97,97,17,2.94,RU,1681242646
92,mataura,-46.1927,168.8643,11.38,98,100,1.3,NZ,1681242353
93,ribeira do pombal,-10.8344,-38.5358,28.81,56,62,5.28,BR,1681242647
94,akola,20.7333,77.0,32.21,28,30,0.75,IN,1681242647
95,chuy,-33.6971,-53.4616,27.38,44,20,3.53,UY,1681242353
96,lakatoro,-16.0999,167.4164,27.53,81,94,3.36,VU,1681242647
97,hithadhoo,-0.6,73.0833,28.17,68,5,0.96,MV,1681242368
98,pemberton,50.3164,-122.8027,4.83,86,98,2.61,CA,1681242647
99,bambous virieux,-20.3428,57.7575,25.68,88,40,0.0,MU,1681242402
100,licata,37.1071,13.9461,12.69,65,15,4.55,IT,1681242647
101,souillac,-20.5167,57.5167,25.21,88,40,0.0,MU,1681242401
102,broome,42.2506,-75.833,22.21,25,0,6.17,US,1681242394
103,garden city,42.3256,-83.331,24.94,31,75,8.23,US,1681242408
104,tasiilaq,65.6145,-37.6368,1.01,95,100,0.82,GL,1681242355
105,posse,-14.0931,-46.3694,24.39,71,100,0.69,BR,1681242648
106,hamilton,39.1834,-84.5333,24.67,22,0,5.14,US,1681241925
107,samana,19.2056,-69.3369,32.12,58,40,5.14,DO,1681242648
108,kavieng,-2.5744,150.7967,27.7,72,100,3.68,PG,1681242367
109,bulgan,48.8125,103.5347,1.74,31,62,1.92,MN,1681242649
110,vaini,-21.2,-175.2,26.09,89,20,3.6,TO,1681242366
111,georgetown,5.4112,100.3354,28.96,89,20,1.03,MY,1681242357
112,port elizabeth,-33.918,25.5701,15.73,79,0,6.17,ZA,1681242363
113,longyearbyen,78.2186,15.6401,-3.09,86,75,3.6,SJ,1681242384
114,bushehr,28.9684,50.8385,26.05,22,0,3.09,IR,1681242649
115,sao joao da barra,-21.6403,-41.0511,24.05,73,91,4.33,BR,1681242649
116,eureka,40.8021,-124.1637,13.85,71,10,3.58,US,1681242650
117,birjand,32.8663,59.2211,20.26,17,0,7.2,IR,1681242650
118,kuloy,61.0305,42.4925,-0.37,98,100,0.78,RU,1681242650
119,kapaa,22.0752,-159.319,25.18,80,40,8.23,US,1681242390
120,concordia,-31.393,-58.0209,30.04,55,75,2.68,AR,1681242631
121,poum,-20.2333,164.0167,26.27,77,1,2.99,NC,1681242457
122,chokurdakh,70.6333,147.9167,-29.58,99,15,1.47,RU,1681242370
123,bairiki,1.3292,172.9752,26.0,94,40,1.54,KI,1681242445
124,kalabo,-14.97,22.6814,20.81,83,95,1.9,ZM,1681242651
125,murmashi,68.8154,32.8115,1.23,100,75,2.0,RU,1681242651
126,ullal,12.8,74.85,26.85,84,13,2.27,IN,1681242651
127,tazovskiy,67.4667,78.7,-29.47,100,61,3.85,RU,1681242651
128,rumoi,43.9344,141.6428,9.82,94,100,3.5,JP,1681242651
129,magdagachi,53.45,125.8,-1.87,96,100,4.06,RU,1681242652
130,kota bahru,6.1333,102.2386,25.97,94,20,0.0,MY,1681242652
131,los llanos de aridane,28.6585,-17.9182,17.86,83,40,8.75,ES,1681242432
132,araouane,18.9048,-3.5265,28.12,10,100,4.37,ML,1681242652
133,rocha,-34.4833,-54.3333,26.28,50,94,3.37,UY,1681242400
134,iqaluit,63.7506,-68.5145,-6.15,73,75,7.72,CA,1681242354
135,saldanha,-33.0117,17.9442,13.03,77,26,4.89,ZA,1681242390
136,batagay-alyta,67.8006,130.4114,-27.72,98,98,2.84,RU,1681242358
137,la palma,33.8464,-118.0467,28.61,71,75,3.09,US,1681242653
138,leningradskiy,69.3833,178.4167,-19.21,94,100,2.98,RU,1681242383
139,natal,-5.795,-35.2094,30.36,61,40,5.14,BR,1681242561
140,karratha,-20.7377,116.8463,29.08,37,99,4.74,AU,1681242400
141,banda aceh,5.5577,95.3222,26.28,79,94,1.57,ID,1681242417
142,tessalit,20.1986,1.0114,27.89,10,98,3.65,ML,1681242373
143,ocotal,13.6321,-86.4752,34.39,23,63,3.77,NI,1681242654
144,pemangkat,1.1667,108.9667,25.34,88,91,2.03,ID,1681242654
145,saint-francois,46.4154,3.9054,10.69,69,0,1.54,FR,1681242457
146,bengkulu,-3.8004,102.2655,24.38,89,98,1.49,ID,1681242365
147,mantua,45.1667,10.7833,16.58,75,50,1.34,IT,1681242654
148,albertville,34.2676,-86.2089,21.53,27,0,3.09,US,1681242654
149,lavrentiya,65.5833,-171.0,-20.32,85,12,1.89,RU,1681242448
150,korla,41.7597,86.1469,15.1,25,100,5.48,CN,1681242407
151,port hawkesbury,45.6169,-61.3485,16.51,48,20,3.58,CA,1681242357
152,santa maria,-29.6842,-53.8069,31.61,40,40,2.06,BR,1681242353
153,khovu-aksy,51.1333,93.6,-4.18,81,100,1.01,RU,1681242379
154,tias,28.9611,-13.645,21.82,60,0,5.14,ES,1681242655
155,tuktoyaktuk,69.4541,-133.0374,-19.0,78,40,7.72,CA,1681242363
156,sept-iles,50.2001,-66.3821,9.29,66,40,4.63,CA,1681242498
157,flinders,-34.5833,150.8552,12.81,85,99,1.79,AU,1681242367
158,schiffdorf,53.5333,8.65,7.09,89,20,2.39,DE,1681242656
159,bethel,41.3712,-73.414,23.9,25,0,5.14,US,1681242168
160,placido de castro,-10.3353,-67.1856,27.92,85,98,1.07,BR,1681242656
161,provideniya,64.3833,-173.3,-19.27,86,70,5.29,RU,1681242363
162,san patricio,28.017,-97.5169,26.04,44,9,4.11,US,1681242282
163,jipijapa,-1.3333,-80.5833,28.72,71,62,3.79,EC,1681242657
164,pevek,69.7008,170.3133,-29.32,100,96,2.19,RU,1681242355
165,jalingo,8.8833,11.3667,32.69,29,100,1.36,NG,1681242657
166,mezen,65.8522,44.24,0.37,98,100,2.97,RU,1681242657
167,maningrida,-12.0667,134.2667,24.75,90,91,1.59,AU,1681242657
168,ekhabi,53.5102,142.9671,-4.97,84,39,7.21,RU,1681242658
169,waterfoot,53.6929,-2.2525,8.33,94,100,4.47,GB,1681242658
170,ponta do sol,32.6667,-17.1,18.96,72,0,2.24,PT,1681242371
171,yangambi,0.8102,24.4336,20.03,97,100,0.83,CD,1681242658
172,arroyo,41.6096,-4.7969,15.02,41,0,5.66,ES,1681242658
173,puerto ayora,-0.7393,-90.3518,30.98,85,87,1.79,EC,1681242374
174,dalbandin,28.8947,64.4101,23.8,30,14,0.78,PK,1681242659
175,amla,21.9333,78.1167,26.92,19,5,0.73,IN,1681242659
176,jawa,31.8525,35.9393,8.94,73,0,3.83,JO,1681242659
177,mahebourg,-20.4081,57.7,25.7,88,40,0.0,MU,1681242372
178,upernavik,72.7868,-56.1549,-10.14,88,22,4.6,GL,1681242226
179,champerico,14.3,-91.9167,37.3,57,4,6.41,GT,1681242659
180,severo-kurilsk,50.6789,156.125,-1.52,78,89,7.93,RU,1681242383
181,maniitsoq,65.4167,-52.9,-1.26,87,10,2.28,GL,1681242660
182,qaanaaq,77.484,-69.3632,-20.58,83,0,0.27,GL,1681242362
183,lebu,-37.6167,-73.65,15.74,86,63,3.0,CL,1681242356
184,beringovskiy,63.05,179.3167,-17.11,84,100,6.52,RU,1681242382
185,tiksi,71.6872,128.8694,-26.91,100,100,0.5,RU,1681242394
186,mitu,1.1983,-70.1733,30.03,66,52,0.6,CO,1681242660
187,manzhouli,49.6,117.4333,-6.26,59,0,7.03,CN,1681242661
188,carmen,18.6333,-91.8333,27.21,66,40,6.66,MX,1681242433
189,chake chake,-5.2459,39.7666,26.52,80,96,2.52,TZ,1681242661
190,launceston,-41.45,147.1667,12.56,91,100,2.57,AU,1681242661
191,yambio,4.5721,28.3955,24.85,53,100,2.01,SS,1681242661
192,svetlaya,46.5389,138.3297,2.17,99,100,1.42,RU,1681242661
193,norman wells,65.282,-126.8329,-3.98,63,75,6.17,CA,1681242237
194,adrar,20.5022,-10.0711,23.26,59,100,7.04,MR,1681242378
195,dali,25.7,100.1833,11.86,47,0,2.53,CN,1681242662
196,olinda,-8.0089,-34.8553,27.85,69,20,3.6,BR,1681242454
197,inverell,-29.7833,151.1167,6.48,94,98,0.45,AU,1681242662
198,halifax,44.6453,-63.5724,19.82,56,40,7.2,CA,1681242069
199,picayune,30.5255,-89.6795,22.12,84,100,2.29,US,1681242663
200,panaba,21.2833,-88.2667,31.49,41,51,7.89,MX,1681242426
201,kruisfontein,-34.0033,24.7314,12.16,75,99,2.82,ZA,1681242389
202,perth,-31.9333,115.8333,17.24,97,75,3.6,AU,1681242456
203,solikamsk,59.6196,56.7729,2.2,91,100,3.92,RU,1681242664
204,lipno,52.8444,19.1785,7.34,95,100,5.03,PL,1681242664
205,waterloo,43.4668,-80.5164,20.99,48,0,13.38,CA,1681242449
206,chekhov,55.1431,37.4711,11.16,58,22,1.66,RU,1681242665
207,roald,62.5833,6.1333,11.51,81,0,1.54,NO,1681242665
208,ubinskoye,55.3068,79.6802,-7.27,92,45,3.22,RU,1681242666
209,umm kaddadah,13.6017,26.6876,30.94,10,100,5.27,SD,1681242666
210,tabuk,17.4189,121.4443,21.31,94,100,1.22,PH,1681242666
211,ugoofaaru,5.6667,73.0,28.75,74,3,5.26,MV,1681242666
212,gamba,-2.65,10.0,26.62,84,100,0.99,GA,1681242667
213,yarada,17.65,83.2667,28.79,66,1,2.77,IN,1681242667
214,poronaysk,49.2167,143.1167,0.12,97,100,2.78,RU,1681242667
215,bom jardim,-7.7958,-35.5872,25.34,63,72,4.13,BR,1681242667
216,hastings,50.8552,0.5729,9.4,51,100,12.26,GB,1681242667
217,narsaq,60.9167,-46.05,6.12,94,91,2.37,GL,1681242430
218,bafq,31.6128,55.4107,24.59,24,93,2.07,IR,1681242409
219,pionerskiy,54.9508,20.2275,8.91,80,100,6.78,RU,1681242668
220,nishihara,26.1842,127.7558,22.03,94,75,2.06,JP,1681242668
221,shipunovo,52.1582,82.2173,-0.71,66,100,3.17,RU,1681242668
222,college,64.8569,-147.8028,-10.23,60,99,0.61,US,1681242669
223,gornopravdinsk,60.05,69.9,-2.21,87,89,3.69,RU,1681242669
224,faanui,-16.4833,-151.75,27.8,72,97,3.4,PF,1681242446
225,hami,42.8,93.45,13.88,33,100,3.06,CN,1681242279
226,chernyshevskiy,63.0128,112.4714,-9.8,79,100,6.22,RU,1681242670
227,la tuque,47.4334,-72.7824,11.14,50,100,2.06,CA,1681242504
228,tuatapere,-46.1333,167.6833,12.3,95,100,2.38,NZ,1681242408
229,mango,27.9797,-82.3065,28.39,49,75,6.69,US,1681242670
230,praia da vitoria,38.7333,-27.0667,19.14,82,75,5.09,PT,1681242671
231,savannah bight,16.45,-85.85,26.4,63,0,2.57,HN,1681242671
232,tevaitoa,-16.7833,-151.5,27.58,74,99,4.03,PF,1681242671
233,ust-tsilma,65.441,52.1498,0.61,98,100,3.01,RU,1681242671
234,novoagansk,61.9449,76.6625,-24.14,100,35,1.62,RU,1681242672
235,mehamn,71.0357,27.8492,1.95,75,75,4.63,NO,1681242378
236,rayong,12.8333,101.4333,30.44,83,82,2.77,TH,1681242672
237,lompoc,34.6391,-120.4579,22.05,74,100,8.05,US,1681242380
238,jijiga,9.35,42.8,19.42,69,69,1.69,ET,1681242545
239,kozhva,65.1073,57.0459,-0.91,97,100,2.29,RU,1681242673
240,tautira,-17.7333,-149.15,27.12,76,100,2.68,PF,1681242356
241,bowen,-20.0167,148.2333,23.89,90,85,1.89,AU,1681242674
242,matay,28.419,30.7792,19.77,22,34,8.46,EG,1681242674
243,cabo san lucas,22.8909,-109.9124,32.56,46,98,4.92,MX,1681242416
244,saryozek,44.3583,77.9753,6.11,90,94,3.37,KZ,1681242674
245,saint george,37.1041,-113.5841,29.68,18,0,0.89,US,1681242240
246,sri aman,1.2376,111.4621,24.03,100,93,0.0,MY,1681242674
247,chegdomyn,51.1167,133.0167,-0.53,90,100,0.82,RU,1681242356
248,potosi,-19.5836,-65.7531,11.37,42,88,2.24,BO,1681242242
249,totma,59.9747,42.7642,0.3,94,54,1.35,RU,1681242675
250,khatanga,71.9667,102.5,-15.15,82,100,6.84,RU,1681242361
251,kosonsoy,41.2561,71.5508,11.31,61,100,2.92,UZ,1681242676
252,west bay,19.3667,-81.4167,29.44,62,20,3.6,KY,1681242676
253,enterprise,36.0252,-115.2419,31.75,16,0,3.09,US,1681242504
254,codrington,-38.2667,141.9667,15.32,90,100,8.52,AU,1681242387
255,lieksa,63.3167,30.0167,-0.96,98,91,0.52,FI,1681242677
256,acarau,-2.8856,-40.12,26.57,81,99,5.06,BR,1681242463
257,boyolangu,-8.1181,111.8935,23.94,91,42,0.54,ID,1681242677
258,soure,-0.7167,-48.5233,27.45,82,96,1.57,BR,1681242678
259,te anau,-45.4167,167.7167,11.04,97,100,2.02,NZ,1681242678
260,chagoda,59.164,35.3285,5.27,79,100,1.55,RU,1681242678
261,westport,41.1415,-73.3579,24.04,25,0,6.26,US,1681242678
262,alakurtti,66.9672,30.3491,1.33,93,100,2.55,RU,1681242678
263,fairbanks,64.8378,-147.7164,-10.22,61,98,1.05,US,1681242300
264,sebring,27.4956,-81.4409,26.55,56,75,10.29,US,1681242493
265,ronneby,56.21,15.276,6.28,100,100,1.54,SE,1681242679
266,jablah,35.3614,35.9256,16.16,67,40,2.06,SY,1681242679
267,leopold,-38.1833,144.4667,13.23,93,100,4.12,AU,1681242679
268,nabire,-3.3667,135.4833,24.28,94,100,1.26,ID,1681242679
269,kirakira,-10.4544,161.9205,26.49,82,99,1.24,SB,1681242680
270,salinopolis,-0.6136,-47.3561,27.48,79,62,1.57,BR,1681242362
271,abu samrah,35.3029,37.1841,12.46,72,90,4.41,SY,1681242681
272,dingle,10.9995,122.6711,24.01,78,100,1.34,PH,1681242455
273,scarborough,54.2797,-0.4044,7.76,89,100,3.13,GB,1681242682
274,ibotirama,-12.1853,-43.2206,29.92,49,63,1.71,BR,1681242628
275,ostrovnoy,68.0531,39.5131,-1.17,96,100,4.84,RU,1681242357
276,puerto baquerizo moreno,-0.9,-89.6,26.55,94,75,2.57,EC,1681242375
277,atbasar,51.8,68.3333,1.17,60,5,2.75,KZ,1681242682
278,nouadhibou,20.931,-17.0347,18.73,84,0,3.4,MR,1681242397
279,kashi,39.4547,75.9797,16.56,17,45,2.0,CN,1681242683
280,viedma,-40.8135,-62.9967,16.53,63,61,9.22,AR,1681242424
281,hirara,24.8,125.2833,19.15,94,43,1.54,JP,1681242683
282,belmonte,-15.8631,-38.8828,25.15,88,70,2.24,BR,1681242683
283,maldonado,-34.6667,-54.9167,28.66,49,95,4.38,UY,1681242442
284,palmares do sul,-30.2578,-50.5097,26.33,61,33,5.75,BR,1681242683
285,ucluelet,48.9329,-125.5528,8.94,74,37,0.45,CA,1681242684
286,kenai,60.5544,-151.2583,0.08,78,100,1.54,US,1681242685
287,trinidad,-14.8333,-64.9,31.99,62,75,1.54,BO,1681242685
288,vestmanna,62.1564,-7.1664,4.51,81,75,2.57,FO,1681242454
289,guerrero,17.6667,-100.0,27.82,44,81,0.93,MX,1681242686
290,bograd,54.2344,90.8328,-4.05,68,100,5.02,RU,1681242687
291,sitka,57.0531,-135.33,5.94,61,0,2.06,US,1681242308
292,nouakchott,18.0858,-15.9785,20.96,79,100,3.83,MR,1681242687
293,muros,42.7762,-9.0603,14.49,71,59,5.62,ES,1681242392
294,moron,-34.6534,-58.6198,30.53,47,79,2.72,AR,1681242687
295,paamiut,61.994,-49.6678,-2.21,87,90,0.65,GL,1681242688
296,bahia blanca,-38.7196,-62.2724,20.46,60,15,3.13,AR,1681242488
297,dwarka,22.2394,68.9678,25.59,72,6,3.62,IN,1681242688
298,richards bay,-28.783,32.0377,19.63,74,100,2.32,ZA,1681242096
299,malakal,9.5334,31.6605,33.6,29,91,2.09,SS,1681242688
300,mpongwe,-13.5091,28.155,18.11,95,99,1.69,ZM,1681242688
301,koumac,-20.5667,164.2833,24.58,84,5,2.13,NC,1681242689
302,tomatlan,19.9333,-105.25,33.26,28,0,5.32,MX,1681242689
303,naze,28.3667,129.4833,19.51,92,98,2.37,JP,1681242689
304,bumiayu,-8.0151,112.6347,21.61,98,79,0.2,ID,1681242690
305,stornoway,58.2093,-6.3865,7.98,78,100,7.2,GB,1681242690
306,gulfport,30.3674,-89.0928,22.25,67,75,5.14,US,1681242533
307,kasempa,-13.4584,25.8338,17.62,89,91,1.38,ZM,1681242690
308,turukhansk,65.8167,87.9833,-20.92,99,100,3.43,RU,1681242460
309,agadez,19.75,10.25,25.29,16,6,4.51,NE,1681242184
310,nandyal,15.4833,78.4833,28.67,29,3,1.82,IN,1681242690
311,piltene,57.2243,21.6744,9.97,66,0,1.03,LV,1681242690
312,fereydunshahr,32.941,50.121,7.75,59,42,1.94,IR,1681242691
313,sosenskiy,54.059,35.9623,8.02,54,90,2.04,RU,1681242691
314,mackenzie,55.2999,-123.1698,4.12,52,0,4.12,CA,1681242233
315,watertown,42.3709,-71.1828,24.63,16,0,9.26,US,1681242691
316,mezhdurechensk,53.6942,88.0603,-3.52,77,100,2.92,RU,1681242692
317,lakes entrance,-37.8811,147.981,8.42,86,66,3.38,AU,1681242692
318,sao raimundo das mangabeiras,-7.0219,-45.4811,28.42,66,100,1.24,BR,1681242692
319,caravelas,-17.7125,-39.2481,23.18,95,100,3.19,BR,1681242403
320,kiruna,67.8557,20.2251,0.51,75,69,3.09,SE,1681242693
321,mahanje,-9.9333,35.3333,17.96,96,70,1.07,TZ,1681242693
322,ternate,0.8,127.4,26.7,80,72,2.09,ID,1681242694
323,diamantino,-14.4086,-56.4461,26.35,83,100,1.33,BR,1681242694
324,baringo,0.4667,35.9667,23.43,58,100,0.59,KE,1681242694
325,kisangani,0.5167,25.2,21.49,93,98,2.04,CD,1681242695
326,grindavik,63.8424,-22.4338,4.26,93,75,5.14,IS,1681242401
327,chokwe,-24.5333,32.9833,20.32,89,0,2.4,MZ,1681242695
328,morondava,-20.2833,44.2833,25.53,86,4,4.64,MG,1681242695
329,svogerslev,55.6342,12.0147,7.01,83,15,3.09,DK,1681242696
330,xai-xai,-25.0519,33.6442,22.06,84,60,5.53,MZ,1681242696
331,charters towers,-20.1,146.2667,20.82,93,100,0.94,AU,1681242697
332,rio gallegos,-51.6226,-69.2181,9.03,61,40,11.32,AR,1681242697
333,odweyne,9.4092,45.064,25.86,33,10,4.96,SO,1681242697
334,maniwaki,46.3834,-75.966,16.21,29,100,6.17,CA,1681242697
335,klaksvik,62.2266,-6.589,5.51,80,100,1.46,FO,1681242396
336,nieves,15.3274,120.9485,26.73,83,100,0.88,PH,1681242698
337,villa bruzual,9.3328,-69.1208,32.43,49,100,0.6,VE,1681242698
338,severnyy,50.677,36.5532,12.02,43,0,4.02,RU,1681242698
339,bongandanga,1.5,21.05,21.39,98,100,0.97,CD,1681242698
340,aksarka,66.5606,67.7975,-26.65,100,59,2.35,RU,1681242402
341,huarmey,-10.0681,-78.1522,27.4,72,27,5.43,PE,1681242698
342,nassjo,57.6531,14.6968,5.51,92,100,1.21,SE,1681242699
343,vamberk,50.1176,16.2907,6.02,92,64,2.65,CZ,1681242699
344,san cristobal,7.7669,-72.225,26.1,44,100,2.32,VE,1681242699
345,maragogi,-9.0122,-35.2225,26.27,76,100,2.22,BR,1681242699
346,henties bay,-22.116,14.2845,15.39,82,0,0.62,NA,1681242699
347,bartlesville,36.7473,-95.9808,25.97,37,20,6.69,US,1681242700
348,abha,18.2164,42.5053,16.9,59,0,2.57,SA,1681242700
349,gao,16.6362,1.637,31.08,14,6,4.3,ML,1681242700
350,vao,-22.6667,167.4833,24.5,77,94,3.85,NC,1681242700
351,lisburn,54.5234,-6.0353,5.69,89,75,7.72,GB,1681242700
352,jalu,29.0331,21.5482,15.36,58,2,9.02,LY,1681242701
353,salalah,17.0151,54.0924,28.05,74,40,2.06,OM,1681242701
354,letlhakane,-21.4167,25.5833,21.03,29,0,4.15,BW,1681242701
355,varzea da palma,-17.5981,-44.7308,26.58,57,96,1.6,BR,1681242701
356,omboue,-1.5746,9.2618,26.64,83,100,1.4,GA,1681242701
357,ancud,-41.8697,-73.8203,13.26,95,100,1.68,CL,1681242397
358,ponta delgada,37.7333,-25.6667,17.4,88,20,7.2,PT,1681242127
359,tootsi,58.5781,24.7925,11.86,84,53,2.07,EE,1681242702
360,yoichi,43.2039,140.7703,10.64,93,100,4.1,JP,1681242702
361,dawei,14.0833,98.2,23.7,92,11,0.69,MM,1681242702
362,clyde river,70.4692,-68.5914,-15.87,78,100,8.75,CA,1681242365
363,macomb,40.4592,-90.6718,25.97,37,0,7.2,US,1681242702
364,chicama,-7.8447,-79.1469,28.3,65,72,5.01,PE,1681242355
365,phangnga,8.4509,98.5298,28.02,89,52,1.4,TH,1681242703
366,mufulira,-12.5498,28.2407,17.22,96,100,1.46,ZM,1681242703
367,cockburn town,21.4612,-71.1419,26.12,75,0,3.77,TC,1681242703
368,hurricane,37.1753,-113.2899,31.19,15,0,3.09,US,1681242703
369,west bromwich,52.5187,-1.9945,8.49,90,75,8.23,GB,1681242703
370,unnao,26.5333,80.5,24.99,15,2,3.39,IN,1681242704
371,oistins,13.0667,-59.5333,29.05,58,40,7.72,BB,1681242704
372,solnechnyy,50.7214,136.6319,-0.89,96,100,3.2,RU,1681242704
373,opuwo,-18.0607,13.84,21.8,36,30,2.73,NA,1681242411
374,gazanjyk,39.2446,55.5154,23.06,29,93,6.14,TM,1681242705
375,elizabeth city,36.2946,-76.2511,23.34,40,0,4.63,US,1681242124
376,nanakuli,21.3906,-158.1547,26.17,61,20,4.63,US,1681242458
377,puerto narino,-3.7703,-70.3831,27.68,85,99,0.21,CO,1681242705
378,praia,14.9215,-23.5087,24.3,57,20,7.2,CV,1681242705
379,mufumbwe,-13.6833,24.8,17.09,93,99,1.19,ZM,1681242705
380,owo,7.1962,5.5868,25.66,78,100,2.81,NG,1681242706
381,margate,51.3813,1.3862,8.72,87,100,5.36,GB,1681242453
382,moerai,-22.4333,-151.3333,25.55,75,3,5.33,PF,1681242706
383,yurimaguas,-5.9,-76.0833,33.09,55,20,2.57,PE,1681242706
384,kimamba,-6.7833,37.1333,22.01,90,43,0.96,TZ,1681242706
385,bathsheba,13.2167,-59.5167,29.34,58,40,7.72,BB,1681242364
386,ilulissat,69.2167,-51.1,8.01,36,20,7.2,GL,1681242360
387,port macquarie,-31.4333,152.9167,10.5,70,99,2.73,AU,1681242387
388,turtas,58.9417,69.1325,-1.95,82,38,3.43,RU,1681242707
389,pangkalanbuun,-2.6833,111.6167,23.07,97,69,1.23,ID,1681242411
390,port keats,-14.25,129.55,25.19,92,96,3.18,AU,1681242707
391,ialibu,-6.2821,143.9935,12.76,96,94,1.17,PG,1681242708
392,berlevag,70.8578,29.0864,1.97,69,75,5.66,NO,1681242708
393,catalina,32.5056,-110.9211,34.4,15,0,1.34,US,1681242708
394,kangaatsiaq,68.3065,-53.4641,-4.09,87,62,3.48,GL,1681242709
395,kerema,-7.9631,145.7785,25.37,83,95,1.41,PG,1681242709
396,mizan teferi,6.9833,35.5833,17.44,92,78,1.12,ET,1681242709
397,sistranda,63.7256,8.834,9.98,70,56,11.71,NO,1681242441
398,luwuk,-0.9516,122.7875,25.55,79,22,1.31,ID,1681242385
399,vibo valentia,38.6996,16.1274,11.33,73,92,5.27,IT,1681242709
400,mitsamiouli,-11.3847,43.2844,27.68,74,81,3.19,KM,1681242422
401,samoded,63.6083,40.5111,0.84,98,100,2.31,RU,1681242710
402,cochrane,51.1834,-114.4687,10.5,70,75,8.23,CA,1681242710
403,lagoa,39.05,-27.9833,14.38,83,95,5.51,PT,1681242179
404,kununurra,-15.7667,128.7333,24.99,100,99,2.57,AU,1681242632
405,kailua,21.4022,-157.7394,26.19,78,100,4.12,US,1681242526
406,bobo dioulasso,11.1771,-4.2979,34.25,20,63,2.06,BF,1681242711
407,kalaleh,37.3807,55.4916,14.2,25,100,2.53,IR,1681242367
408,rawson,-43.3002,-65.1023,13.02,57,100,9.94,AR,1681242647
409,billings,45.7833,-108.5007,28.49,19,20,9.83,US,1681242270
410,obidos,-1.9175,-55.5181,29.05,68,39,1.77,BR,1681242711
411,rio bravo,25.9833,-98.1,27.38,46,66,4.56,MX,1681242711
412,khandyga,62.6667,135.6,-12.29,92,100,1.42,RU,1681242439
413,montilla,37.5863,-4.6381,22.11,31,64,3.31,ES,1681242712
414,antofagasta,-23.65,-70.4,21.6,72,4,3.49,CL,1681242428
415,charyshskoye,51.3978,83.5598,-1.89,89,100,2.0,RU,1681242712
416,sharjah,25.3573,55.4033,26.99,65,0,2.57,AE,1681242712
417,berdigestyakh,62.0989,126.6992,-15.63,98,100,1.95,RU,1681242712
418,nemuro,43.3236,145.575,5.07,88,100,8.4,JP,1681242712
419,igarka,67.4667,86.5833,-31.02,99,27,3.37,RU,1681242713
420,manawar,22.2333,75.0833,32.75,21,69,2.41,IN,1681242713
421,kaina,12.6374,8.5873,30.05,15,28,2.87,NG,1681242713
422,kaputa,-8.4689,29.6619,19.9,91,100,1.44,ZM,1681242713
423,gali,42.6265,41.7381,12.78,95,100,0.72,GE,1681242713
424,okhotsk,59.3833,143.3,-14.37,88,43,3.07,RU,1681242416
425,san policarpo,12.1791,125.5072,24.33,86,100,4.13,PH,1681242713
426,flin flon,54.7682,-101.865,3.91,87,100,2.57,CA,1681242456
427,sur,22.5667,59.5289,28.55,53,100,5.85,OM,1681242408
428,roma,43.2128,-75.4557,21.51,26,0,10.29,US,1681242669
429,amot,59.5714,7.9877,2.09,99,100,1.09,NO,1681242714
430,chincha alta,-13.4099,-76.1323,26.33,77,61,3.79,PE,1681242714
431,puerto el triunfo,13.2833,-88.55,38.48,50,28,5.63,SV,1681242714
432,mildura,-34.2,142.15,16.15,84,0,7.15,AU,1681242715
433,savelugu,9.6244,-0.8253,36.28,10,82,0.96,GH,1681242715
434,kilifi,-3.6305,39.8499,27.18,80,59,3.32,KE,1681242715
435,bandarbeyla,9.4942,50.8122,27.64,79,25,4.98,SO,1681242372
436,plettenberg bay,-34.0527,23.3716,12.49,79,58,2.09,ZA,1681242368
437,sao jose da coroa grande,-8.8978,-35.1478,26.46,75,100,2.31,BR,1681242715
438,geraldton,-28.7667,114.6,13.23,88,0,3.09,AU,1681242359
439,linhares,-19.3911,-40.0722,25.25,70,77,3.59,BR,1681242716
440,gillette,44.2911,-105.5022,25.06,22,0,12.35,US,1681242404
441,itapaci,-14.9508,-49.5494,25.84,79,71,1.68,BR,1681242693
442,anzio,41.4853,12.6179,14.14,74,99,1.0,IT,1681242716
443,santa rosa,14.3122,121.1114,26.99,81,99,0.85,PH,1681242365
444,iwanai,42.9744,140.5089,11.79,91,100,2.99,JP,1681242716
445,northam,51.0333,-4.2167,9.03,82,100,11.74,GB,1681242220
446,laguna,38.421,-121.4238,22.4,62,20,3.09,US,1681242717
447,smithers,54.7804,-127.1743,5.18,65,75,2.57,CA,1681242717
448,rindal,63.0565,9.2124,3.69,87,99,3.67,NO,1681242717
449,uberlandia,-18.9186,-48.2772,27.56,54,40,6.69,BR,1681242717
450,goundam,16.4145,-3.6708,31.07,12,89,9.06,ML,1681242717
451,mareeba,-17.0,145.4333,22.47,94,100,0.56,AU,1681242449
452,sao sebastiao,-23.76,-45.4097,24.04,74,36,2.1,BR,1681242717
453,great yarmouth,52.6083,1.7305,9.14,88,100,12.32,GB,1681242718
454,taoudenni,22.6783,-3.9836,27.67,7,100,3.95,ML,1681242718
455,fortuna,40.5982,-124.1573,13.29,68,16,1.34,US,1681242372
456,hoa binh,20.8133,105.3383,24.91,92,100,1.27,VN,1681242718
457,llanes,43.4198,-4.7549,13.65,81,71,0.87,ES,1681242718
458,santo tomas,14.1079,121.1414,26.14,87,99,0.65,PH,1681242718
459,haradok,55.4624,29.9816,8.71,64,22,2.49,BY,1681242719
460,half moon bay,37.4636,-122.4286,21.6,72,0,10.29,US,1681242719
461,bagan,54.1001,77.6646,-2.02,62,7,3.38,RU,1681242719
462,japura,-0.3167,102.35,22.9,95,61,0.54,ID,1681242355
463,kalmunai,7.4167,81.8167,26.53,79,17,2.08,LK,1681242421
464,yaan,7.3833,8.5667,27.11,68,100,3.82,NG,1681242441
465,netanya,32.3329,34.8599,16.01,67,12,3.33,IL,1681242720
466,manaure,11.7751,-72.4445,30.54,59,25,7.48,CO,1681242465
467,pimentel,-6.8367,-79.9342,31.16,58,75,4.12,PE,1681242720
468,walvis bay,-22.9575,14.5053,14.76,81,2,0.39,NA,1681242720
469,lalmohan,22.3384,90.7419,28.03,71,0,3.36,BD,1681242720
470,akhaldaba,41.654,42.1516,6.31,94,100,1.73,GE,1681242720
471,kefamenanu,-9.4467,124.4781,21.47,96,100,1.02,ID,1681242721
472,urucara,-2.5364,-57.76,28.15,86,54,1.31,BR,1681242455
473,nyurba,63.2842,118.3319,-21.98,100,48,1.83,RU,1681242721
474,ushtobe,45.2514,77.9838,9.97,75,100,7.14,KZ,1681242721
475,gizo,-8.103,156.8419,26.27,84,100,2.74,SB,1681242722
476,hofn,64.2539,-15.2082,5.9,75,98,1.46,IS,1681242400
477,vero beach,27.6386,-80.3973,25.55,60,100,7.72,US,1681242490
478,petropavlovsk-kamchatskiy,53.0452,158.6483,-2.67,64,75,2.0,RU,1681242722
479,manggar,-2.8833,108.2667,25.93,85,61,2.15,ID,1681242453
480,tongliao,43.6125,122.2653,1.41,14,0,7.28,CN,1681242365
481,soanierana ivongo,-16.9167,49.5833,22.93,91,5,1.74,MG,1681242723
482,grand-lahou,5.1367,-5.0242,27.02,87,62,3.41,CI,1681242723
483,bandipur,27.9333,84.4167,17.29,27,0,1.64,NP,1681242723
484,taksimo,56.3444,114.8794,-14.87,79,1,1.39,RU,1681242418
485,buala,-8.145,159.5921,26.46,78,99,1.14,SB,1681242431
486,olga,43.7444,135.2892,0.97,41,0,5.54,RU,1681242724
487,mwingi,-0.9344,38.0601,19.71,88,100,1.33,KE,1681242724
488,brae,60.3964,-1.353,6.13,86,13,4.69,GB,1681242412
489,tubmanburg,6.8708,-10.8172,25.66,86,22,1.49,LR,1681242725
490,bogovarovo,58.9785,47.0246,4.66,72,100,1.05,RU,1681242725
491,kilindoni,-7.9139,39.6668,27.75,77,97,2.72,TZ,1681242725
492,bad munstereifel,50.55,6.7667,9.67,55,100,3.32,DE,1681242725
493,amapa,1.0,-52.0,25.71,94,100,1.52,BR,1681242725
494,ambilobe,-13.2,49.05,23.48,89,31,0.89,MG,1681242726
495,soyo,-6.1349,12.3689,27.37,82,100,2.14,AO,1681242407
496,zhigalovo,54.8097,105.1578,-5.73,96,98,1.19,RU,1681242726
497,sungaipenuh,-2.0833,101.3833,18.4,97,100,0.42,ID,1681242726
498,chancay,-11.5714,-77.2672,25.71,74,41,3.61,PE,1681242726
499,srandakan,-7.9386,110.2506,24.91,90,98,2.06,ID,1681242447
500,shubarkuduk,49.1447,56.4872,10.12,39,0,3.32,KZ,1681242727
501,sabang,5.8933,95.3214,27.89,75,89,1.3,ID,1681242727
502,the valley,18.217,-63.0578,28.23,74,20,6.69,AI,1681242651
503,meulaboh,4.1363,96.1285,25.23,87,91,1.17,ID,1681242360
504,torbay,47.6666,-52.7314,9.43,35,75,7.2,CA,1681242358
505,pita,10.8333,-12.5833,29.27,41,100,0.23,GN,1681242727
506,toora-khem,52.4675,96.11,-1.75,66,100,3.83,RU,1681242728
507,hualmay,-11.0964,-77.6139,26.39,73,38,4.56,PE,1681242390
508,bielsk podlaski,52.7651,23.1865,11.12,65,100,4.09,PL,1681242728
509,fredericton,45.9454,-66.6656,18.58,29,0,6.69,CA,1681242728
510,kaeo,-35.1,173.7833,16.29,97,100,4.28,NZ,1681242440
511,yongchang,30.0381,119.7317,14.28,85,100,1.51,CN,1681242728
512,bilibino,68.0546,166.4372,-23.1,90,100,1.21,RU,1681242729
513,tabou,4.423,-7.3528,27.4,83,100,3.52,CI,1681242729
514,taicheng,38.731,113.228,4.2,23,0,1.36,CN,1681242730
515,la asuncion,11.0333,-63.8628,26.43,77,86,9.03,VE,1681242357
516,marzuq,14.4,46.4667,21.98,60,5,3.03,YE,1681242372
517,sinnamary,5.3833,-52.95,27.62,75,99,3.94,GF,1681242730
518,canarana,-11.6847,-41.7689,28.44,48,90,4.14,BR,1681242731
519,dovolnoye,54.4958,79.6671,-3.33,67,47,4.34,RU,1681242731
520,riberalta,-10.9833,-66.1,28.11,74,75,2.06,BO,1681242731
521,rio de jesus,7.9844,-81.1631,36.42,31,66,6.77,PA,1681242731
522,mashhad,36.297,59.6062,21.08,35,0,4.12,IR,1681242202
523,hay river,60.8156,-115.7999,-1.02,86,100,1.54,CA,1681242210
524,coihaique,-45.5752,-72.0662,17.34,44,0,2.06,CL,1681242376
525,coro,11.4045,-69.6734,30.24,66,100,9.5,VE,1681242381
526,cayenne,4.9333,-52.3333,29.02,70,75,6.17,GF,1681242732
527,coahuayana,18.7333,-103.6833,32.41,41,0,3.95,MX,1681242359
528,borzya,50.3833,116.5167,-8.93,70,2,3.18,RU,1681242733
529,kyshtovka,56.555,76.6271,-7.62,88,29,2.81,RU,1681242733
530,rincon,32.296,-81.2354,23.84,37,40,2.57,US,1681242733
531,balakhta,55.38,91.6,-4.74,80,95,3.73,RU,1681242733
532,faya,18.3851,42.4509,17.06,51,0,1.79,SA,1681242734
533,lahti,59.9911,30.1597,7.1,88,100,2.72,RU,1681242734
534,kemijarvi,66.7131,27.4306,0.85,92,100,2.07,FI,1681242404
535,tual,-5.6667,132.75,28.37,75,100,1.51,ID,1681242734
536,pilar,-9.5972,-35.9567,28.96,72,100,3.37,BR,1681242735
537,changchun,43.88,125.3228,2.98,15,0,7.42,CN,1681242735
538,strezhevoy,60.7333,77.5889,-17.19,99,74,1.48,RU,1681242735
539,joao camara,-5.5375,-35.8197,26.05,71,91,3.93,BR,1681242572
540,general pico,-35.6566,-63.7568,26.58,43,64,2.81,AR,1681242735
541,novoasbest,57.7422,60.2877,-0.68,74,39,2.22,RU,1681242736
542,fayaoue,-20.65,166.5333,27.44,70,10,0.89,NC,1681242736
543,burnie,-41.0667,145.9167,14.41,92,100,5.95,AU,1681242736
544,carnarvon,-24.8667,113.6333,21.16,64,43,8.87,AU,1681242353
545,zwedru,6.0667,-8.1281,26.25,73,98,1.39,LR,1681242736
546,wittlich,49.9833,6.8833,10.91,58,100,2.14,DE,1681242737
547,hovd,48.0056,91.6419,1.35,42,88,4.08,MN,1681242737
548,baikunthpur,23.25,82.55,25.24,16,0,3.1,IN,1681242737
549,araguaina,-7.1911,-48.2072,28.16,76,78,0.93,BR,1681242738
550,tucuma,-0.1833,-50.05,28.63,72,37,1.82,BR,1681242738
551,puerto penasco,31.3167,-113.5333,22.73,69,0,2.24,MX,1681242738
552,granard,53.7667,-7.5,3.6,89,100,7.81,IE,1681242738
553,grand gaube,-20.0064,57.6608,25.77,80,60,1.34,MU,1681242415
554,yerbogachen,61.2767,108.0108,-3.4,88,100,6.91,RU,1681242395
555,vadso,70.0744,29.7487,1.49,86,75,3.6,NO,1681242398
556,srednekolymsk,67.45,153.6833,-28.17,100,100,1.1,RU,1681242739
557,veraval,20.9,70.3667,26.09,63,2,5.41,IN,1681242740
558,kilimatinde,-5.85,34.95,20.5,73,70,0.65,TZ,1681242740
559,padang,-0.9492,100.3543,25.52,90,100,1.41,ID,1681242374
560,nome,64.5011,-165.4064,-21.02,70,0,0.0,US,1681242518
561,belyy yar,53.6039,91.3903,-1.06,55,20,4.0,RU,1681242740
562,khani,41.9563,42.9566,5.76,92,100,0.07,GE,1681242740
563,labuhan,-6.8844,112.2051,25.47,86,75,1.73,ID,1681242415
564,verkhneyarkeyevo,55.4505,54.3145,5.96,49,5,2.34,RU,1681242741
565,loandjili,-4.7561,11.8578,27.35,80,100,1.58,CG,1681242741
566,pisco,-13.7,-76.2167,27.03,65,34,4.63,PE,1681242251
567,sault sainte marie,46.5168,-84.3333,12.31,52,0,5.14,CA,1681242620
568,raichur,16.2,77.3667,28.92,27,0,3.33,IN,1681242742
569,abnub,27.2696,31.1511,21.12,26,1,7.21,EG,1681242742
570,ouadda,8.0777,22.4007,27.47,44,100,3.02,CF,1681242742
571,whitehorse,60.7161,-135.0538,1.17,37,0,4.63,CA,1681242411
572,finschhafen,-6.6024,147.8681,26.04,79,100,1.77,PG,1681242743
573,san,13.3034,-4.8956,36.62,15,98,5.2,ML,1681242417
574,kuala terengganu,5.3302,103.1408,26.97,89,20,1.54,MY,1681242743
575,badvel,14.75,79.05,26.36,45,3,1.46,IN,1681242743
576,taua,-5.9667,-40.3,27.36,62,75,6.0,BR,1681242743
577,corrente,-3.7367,-43.3394,25.04,93,97,1.6,BR,1681242744
578,linxia,35.6003,103.2064,9.53,36,91,0.35,CN,1681242744
579,bukachacha,52.9833,116.9167,-15.1,94,5,1.84,RU,1681242744
580,atambua,-9.1061,124.8925,22.9,88,58,0.47,ID,1681242744
581,medea,36.2642,2.7539,15.1,47,7,1.25,DZ,1681242744
582,makokou,0.5738,12.8642,21.19,97,100,1.98,GA,1681242745
583,chapais,49.7834,-74.8492,8.88,95,100,7.24,CA,1681242745
584,nuuk,64.1835,-51.7216,0.34,80,75,5.66,GL,1681242460
585,tay ninh,11.3,106.1,26.77,80,72,2.73,VN,1681242745
586,olafsvik,64.8945,-23.7142,3.16,97,100,2.99,IS,1681242422
587,sergeyevka,53.88,67.4158,1.47,58,4,3.1,KZ,1681242745
588,luxor,25.6989,32.6421,22.03,24,0,3.09,EG,1681242745
589,libohove,40.0311,20.2631,9.64,83,100,3.07,AL,1681242746
590,mahibadhoo,3.7833,72.9667,28.76,72,33,4.09,MV,1681242746
591,gat,31.61,34.7642,15.38,100,6,0.96,IL,1681242746
592,patu,-6.11,-37.6367,29.37,50,57,3.45,BR,1681242746
593,abu dhabi,24.4667,54.3667,27.75,71,0,2.57,AE,1681242136
594,barra,-11.0894,-43.1417,28.77,54,91,0.83,BR,1681242747
595,okha,53.5739,142.9478,-4.97,84,36,7.35,RU,1681242747
596,takoradi,4.8845,-1.7554,26.93,80,100,2.49,GH,1681242747
597,bundoran,54.4778,-8.2809,3.95,73,100,12.09,IE,1681242748
598,bambanglipuro,-7.95,110.2833,24.78,90,98,1.99,ID,1681242406
599,kidal,18.4411,1.4078,31.32,11,98,6.97,ML,1681242748
600,bonavista,48.6499,-53.1147,3.44,79,40,6.91,CA,1681242459
601,ajaccio,42.0,8.9167,12.03,88,71,1.54,FR,1681242324
602,medicine hat,50.0501,-110.6683,10.55,57,75,6.17,CA,1681242672
603,havelock,34.8791,-76.9013,22.21,35,0,1.79,US,1681242639
604,xinzhi,36.4989,111.7047,12.92,21,0,1.91,CN,1681242749
605,thinadhoo,0.5333,72.9333,27.87,73,7,1.65,MV,1681242749
606,havre-saint-pierre,50.2334,-63.5986,6.2,75,0,3.6,CA,1681242361
607,tiznit,29.5833,-9.5,23.15,21,0,0.46,MA,1681242749
608,dong hoi,17.4833,106.6,24.06,95,63,0.76,VN,1681242749
609,turochak,52.2576,87.1224,-1.82,88,100,1.56,RU,1681242750
610,pekan,3.4836,103.3996,26.06,85,99,1.57,MY,1681242750
611,perry,37.2506,-83.1999,25.1,29,0,2.13,US,1681242751
